curr_seq_no,cr_by,cr_dtimes
10001,superadmin,now()
10002,superadmin,now()
10003,superadmin,now()
10004,superadmin,now()
10005,superadmin,now()
10006,superadmin,now()
10007,superadmin,now()
10008,superadmin,now()
10009,superadmin,now()
10010,superadmin,now()
10011,superadmin,now()
10012,superadmin,now()
10013,superadmin,now()
10014,superadmin,now()
10015,superadmin,now()
10016,superadmin,now()
10017,superadmin,now()
10018,superadmin,now()
10019,superadmin,now()
10020,superadmin,now()
10021,superadmin,now()
10022,superadmin,now()
10023,superadmin,now()
10024,superadmin,now()
10025,superadmin,now()
10026,superadmin,now()
10027,superadmin,now()
10028,superadmin,now()
10029,superadmin,now()
10030,superadmin,now()
10031,superadmin,now()
10032,superadmin,now()
10033,superadmin,now()
10034,superadmin,now()
10035,superadmin,now()
10036,superadmin,now()
10037,superadmin,now()
10038,superadmin,now()
10039,superadmin,now()
10040,superadmin,now()
10041,superadmin,now()
10042,superadmin,now()
10043,superadmin,now()
10044,superadmin,now()
10045,superadmin,now()
10046,superadmin,now()
10047,superadmin,now()
10048,superadmin,now()
10049,superadmin,now()
10050,superadmin,now()
10051,superadmin,now()
10052,superadmin,now()
10053,superadmin,now()
10054,superadmin,now()
10055,superadmin,now()
10056,superadmin,now()
10057,superadmin,now()
10058,superadmin,now()
10059,superadmin,now()
10060,superadmin,now()
10061,superadmin,now()
10062,superadmin,now()
10063,superadmin,now()
10064,superadmin,now()
10065,superadmin,now()
10066,superadmin,now()
10067,superadmin,now()
10068,superadmin,now()
10069,superadmin,now()
10070,superadmin,now()
10071,superadmin,now()
10072,superadmin,now()
10073,superadmin,now()
10074,superadmin,now()
10075,superadmin,now()
10076,superadmin,now()
10077,superadmin,now()
10078,superadmin,now()
10079,superadmin,now()
10080,superadmin,now()
10081,superadmin,now()
10082,superadmin,now()
10083,superadmin,now()
10084,superadmin,now()
10085,superadmin,now()
10086,superadmin,now()
10087,superadmin,now()
10088,superadmin,now()
10089,superadmin,now()
10090,superadmin,now()
10091,superadmin,now()
10092,superadmin,now()
10093,superadmin,now()
10094,superadmin,now()
10095,superadmin,now()
10096,superadmin,now()
10097,superadmin,now()
10098,superadmin,now()
